,Urun,Ekran Boyutu,Dahili Depolama,Bellek(Ram),Puan,Batarya Kapasitesi,Hat Sayısı,Hızlı Şarj,Kamera Çözünürlüğü,Parmak İzi,Ekran Yenileme Hızı,İşletim Sistemi,NFC,Fiyat
0,Vivo Y21 (V2111),6.51 İnç,64 GB,4 GB,43puan,5000 mAh,Çift Hat,Var,13 MP,Var,60 Hz,Android,Yok,"3.999,00"
1,Vivo Y16 (4 GB / 128 GB),6.51 İnç,128 GB,4 GB,43puan,5000 mAh,Çift Hat,Yok,13 MP,Var,60 Hz,Android,Yok,"6.279,00"
2,Xiaomi Redmi Note 6 Pro (4 GB / 64 GB),6.26 İnç,64 GB,4 GB,43puan,4000 mAh,Çift Hat,Var,12 MP,Var,60 Hz,Android,Yok,
3,Samsung Galaxy S6 Edge Plus (SM-G928C),5.7 İnç,32 GB,4 GB,43puan,3000 mAh,Tek Hat,Var,16 MP,Var,60 Hz,Android,Var,
4,Honor 8X (JSN-L21),6.5 İnç,64 GB,4 GB,43puan,3750 mAh,Çift Hat,Yok,20 MP,Var,60 Hz,Android,Var,
5,Infinix S5 Pro,6.53 İnç,128 GB,6 GB,43puan,4000 mAh,Çift Hat,Yok,48 MP,Var,60 Hz,Android,Yok,"3.955,00"
6,Samsung Galaxy A7 (2018) (64 GB / Çift Hat),6.0 İnç,64 GB,4 GB,43puan,3300 mAh,Çift Hat,Yok,24 MP,Var,60 Hz,Android,Yok,
7,Samsung Galaxy A7 (2018) (SM-A750F),6.0 İnç,64 GB,4 GB,43puan,3300 mAh,Tek Hat,Yok,24 MP,Var,60 Hz,Android,Yok,
8,Huawei P9 Plus (VIE-L29),5.5 İnç,64 GB,4 GB,43puan,3400 mAh,Çift Hat,Var,12 MP,Var,60 Hz,Android,Var,
9,Samsung Galaxy M20 (Çift Hat / 64 GB),6.3 İnç,64 GB,4 GB,43puan,5000 mAh,Çift Hat,Var,13 MP,Var,60 Hz,Android,Yok,"5.299,00"
10,Vivo Y21A,6.51 İnç,64 GB,4 GB,43puan,5000 mAh,Çift Hat,Var,13 MP,Var,60 Hz,Android,Yok,"5.642,01"
11,Casper VIA A4 (128 GB),6.3 İnç,128 GB,6 GB,43puan,3950 mAh,Çift Hat,Var,16 MP,Var,60 Hz,Android,Yok,"5.500,00"
12,HTC 10 evo (32 GB),5.5 İnç,32 GB,3 GB,43puan,3200 mAh,Tek Hat,Var,16 MP,Var,60 Hz,Android,Var,
13,Samsung Galaxy Note 5 (32 GB / Tek Hat) (SM-N920C),5.7 İnç,32 GB,4 GB,43puan,3000 mAh,Tek Hat,Var,16 MP,Var,60 Hz,Android,Var,
14,Samsung Galaxy A7 (2017) (Çift Hat) (SM-A720F/DS),5.7 İnç,32 GB,3 GB,43puan,3600 mAh,Çift Hat,Var,16 MP,Var,60 Hz,Android,Var,
15,Samsung Galaxy A7 (2017) (Tek Hat) (SM-A720F),5.7 İnç,32 GB,3 GB,43puan,3600 mAh,Tek Hat,Var,16 MP,Var,60 Hz,Android,Var,
16,Tecno Pova Neo,6.8 İnç,64 GB,4 GB,43puan,6000 mAh,Çift Hat,Var,13 MP,Var,60 Hz,Android,Yok,"3.850,00"
17,LeEco Le Max 2,5.7 İnç,64 GB,6 GB,43puan,3100 mAh,Çift Hat,Var,21 MP,Var,60 Hz,Android,Var,
18,Oukitel C21,6.4 İnç,64 GB,4 GB,43puan,4000 mAh,Çift Hat,Var,16 MP,Var,60 Hz,Android,Yok,
19,Elephone E10,6.5 İnç,64 GB,4 GB,43puan,4000 mAh,Çift Hat,Yok,48 MP,Var,60 Hz,Android,Var,"3.750,00"
20,Xiaomi Redmi Note 5 Pro (6 GB),5.99 İnç,64 GB,6 GB,43puan,4000 mAh,Çift Hat,Var,12 MP,Var,60 Hz,Android,Yok,
21,Xiaomi Redmi Note 5 (64 GB / 4 GB),5.99 İnç,64 GB,4 GB,43puan,4000 mAh,Çift Hat,Var,12 MP,Var,60 Hz,Android,Yok,
22,Xiaomi Mi Max 2 (64 GB),6.44 İnç,64 GB,4 GB,43puan,5300 mAh,Çift Hat,Var,12 MP,Var,60 Hz,Android,Yok,
23,Samsung Galaxy Note 5 (32 GB / Çift Hat) (SM-N920CD),5.7 İnç,32 GB,4 GB,43puan,3000 mAh,Çift Hat,Var,16 MP,Var,60 Hz,Android,Var,
24,Lenovo P2,5.5 İnç,32 GB,4 GB,43puan,5100 mAh,Çift Hat,Var,13 MP,Var,60 Hz,Android,Var,
25,Oppo F9,6.3 İnç,64 GB,6 GB,43puan,3500 mAh,Çift Hat,Var,16 MP,Var,60 Hz,Android,Yok,
26,Umidigi One Pro,5.9 İnç,64 GB,4 GB,43puan,3250 mAh,Çift Hat,Var,12 MP,Var,60 Hz,Android,Var,
27,Poco C40 (32 GB),6.71 İnç,32 GB,3 GB,42puan,6000 mAh,Çift Hat,Var,13 MP,Var,60 Hz,Android,Yok,"3.199,00"
28,Xiaomi Mi 6X (64 GB / 6 GB),5.99 İnç,64 GB,6 GB,42puan,3010 mAh,Çift Hat,Var,12 MP,Var,60 Hz,Android,Yok,
29,Tecno Spark 8T (KG6p),6.6 İnç,64 GB,4 GB,42puan,5000 mAh,Çift Hat,Yok,50 MP,Var,60 Hz,Android,Yok,"3.838,00"
30,Infinix S5 (128 GB / 6 GB) (X652),6.6 İnç,128 GB,6 GB,42puan,4000 mAh,Çift Hat,Yok,16 MP,Var,60 Hz,Android,Yok,
31,Meizu X8 (64 GB),6.15 İnç,64 GB,4 GB,42puan,3210 mAh,Çift Hat,Var,12 MP,Var,60 Hz,Android,Yok,
32,Xiaomi Redmi 9C (128 GB),6.53 İnç,128 GB,4 GB,42puan,5000 mAh,Çift Hat,Yok,13 MP,Var,60 Hz,Android,Yok,"4.619,00"
33,Samsung Galaxy A9 Pro (SM-A9100),6.0 İnç,32 GB,4 GB,42puan,5000 mAh,Çift Hat,Var,16 MP,Var,60 Hz,Android,Var,
34,Tecno Spark 7T (KF6p),6.52 İnç,64 GB,4 GB,42puan,6000 mAh,Çift Hat,Yok,48 MP,Var,60 Hz,Android,Yok,"3.915,00"
35,Xiaomi Mi 5s (128 GB),5.15 İnç,128 GB,4 GB,42puan,3200 mAh,Çift Hat,Var,12 MP,Var,60 Hz,Android,Var,
36,Tecno Spark 8C (128 GB),6.6 İnç,128 GB,4 GB,42puan,5000 mAh,Çift Hat,Yok,13 MP,Var,90 Hz,Android,,"3.975,15"
37,Huawei Mate 8 (64 GB),6.0 İnç,64 GB,4 GB,42puan,4000 mAh,Çift Hat,Var,16 MP,Var,60 Hz,Android,Var,
38,Samsung Galaxy C7 Pro (SM-C7010),5.7 İnç,64 GB,4 GB,42puan,3300 mAh,Çift Hat,Var,16 MP,Var,60 Hz,Android,Var,
39,Xiaomi Mi 5s Plus (64 GB),5.7 İnç,64 GB,4 GB,42puan,3800 mAh,Çift Hat,Var,13 MP,Var,60 Hz,Android,Var,
40,Samsung Galaxy S6 Edge (32 GB) (SM-G925F),5.1 İnç,32 GB,3 GB,42puan,2600 mAh,Tek Hat,Var,16 MP,Var,60 Hz,Android,Var,
41,Samsung Galaxy A04 (64 GB) (SM-A045F),6.5 İnç,64 GB,4 GB,42puan,5000 mAh,Çift Hat,Var,50 MP,Yok,60 Hz,Android,Yok,"4.149,90"
42,Xiaomi Mi 5 Prime (64 GB),5.15 İnç,64 GB,3 GB,42puan,3000 mAh,Çift Hat,Var,16 MP,Var,60 Hz,Android,Var,
43,Motorola Moto Z2 Play,5.5 İnç,64 GB,4 GB,42puan,3000 mAh,Tek Hat,Var,12 MP,Var,60 Hz,Android,Var,
44,Casper VIA A1 Plus (128 GB),5.5 İnç,128 GB,4 GB,42puan,5000 mAh,Tek Hat,Var,13 MP,Var,60 Hz,Android,Yok,
45,Samsung Galaxy S6 (32 GB) (SM-G920F),5.1 İnç,32 GB,3 GB,42puan,2550 mAh,Tek Hat,Var,16 MP,Var,60 Hz,Android,Var,
46,Xiaomi Mi A2 (64 GB),5.99 İnç,64 GB,4 GB,42puan,3010 mAh,Çift Hat,Var,12 MP,Var,60 Hz,Android,Yok,
47,Infinix Hot 11 Play (64 GB) (X688B),6.82 İnç,64 GB,4 GB,42puan,6000 mAh,Çift Hat,Yok,13 MP,Var,60 Hz,Android,Yok,"3.890,00"
48,Oppo A16 (64 GB) (CPH2269),6.52 İnç,64 GB,4 GB,42puan,5000 mAh,Tek Hat,Yok,13 MP,Var,60 Hz,Android,Yok,"4.099,00"
49,Huawei P20 Lite 128GB (128 GB),5.84 İnç,128 GB,4 GB,42puan,3000 mAh,,Var,16 MP,Var,60 Hz,Android,Var,
50,Honor 8X (64 GB) (JSN-L22),6.5 İnç,64 GB,4 GB,42puan,3750 mAh,Çift Hat,Yok,20 MP,Var,60 Hz,Android,Yok,
51,Xiaomi Redmi Note 5 Pro,5.99 İnç,64 GB,4 GB,42puan,4000 mAh,Çift Hat,Var,12 MP,Var,60 Hz,Android,Yok,
52,realme C3 (64 GB),6.5 İnç,64 GB,3 GB,42puan,5000 mAh,Çift Hat,Yok,12 MP,Var,60 Hz,Android,Yok,
53,Xiaomi Redmi 8,6.22 İnç,32 GB,3 GB,41puan,5000 mAh,Çift Hat,Var,12 MP,Var,60 Hz,Android,Yok,"3.749,00"
54,Samsung Galaxy A5 (2017) (Çift Hat) (SM-A520F/DS),5.2 İnç,32 GB,3 GB,41puan,3000 mAh,Çift Hat,Var,16 MP,Var,60 Hz,Android,Var,"3.599,00"
55,Samsung Galaxy A5 (2017) (Tek Hat) (SM-A520F),5.2 İnç,32 GB,3 GB,41puan,3000 mAh,Tek Hat,Var,16 MP,Var,60 Hz,Android,Var,
56,ZTE Nubia Z17 mini (Special Edition),5.2 İnç,128 GB,6 GB,41puan,2950 mAh,Çift Hat,Yok,13 MP,Var,60 Hz,Android,Var,
57,BlackBerry DTEK60,5.5 İnç,32 GB,4 GB,41puan,3000 mAh,Tek Hat,Var,21 MP,Var,60 Hz,Android,Var,
58,Samsung Galaxy Note 4 (Tek Hat / 1.9 GHz / 4G) (SM-N910C),5.7 İnç,32 GB,3 GB,41puan,3220 mAh,Tek Hat,Var,16 MP,Var,60 Hz,Android,Var,
59,Microsoft Lumia 950 XL,5.7 İnç,32 GB,3 GB,41puan,3340 mAh,Tek Hat,Var,20 MP,Yok,60 Hz,Windows,Var,
60,Vivo Y16 (4 GB / 64 GB),6.51 İnç,64 GB,4 GB,41puan,5000 mAh,Çift Hat,Yok,13 MP,Var,60 Hz,Android,Yok,"4.050,00"
61,Infinix Hot 20i (128 GB),6.6 İnç,128 GB,4 GB,41puan,5000 mAh,Çift Hat,Yok,13 MP,Var,60 Hz,Android,Yok,"3.940,00"
62,Infinix Hot 10 Play (64 GB) (X688B),6.82 İnç,64 GB,4 GB,41puan,6000 mAh,Çift Hat,Yok,13 MP,Var,60 Hz,Android,Yok,
63,Nokia 7.1 (32 GB / 3 GB),5.84 İnç,32 GB,3 GB,41puan,3060 mAh,Tek Hat,Var,12 MP,Var,60 Hz,Android,Var,
64,Sony Xperia Z5 Dual (E6633),5.2 İnç,32 GB,3 GB,41puan,2900 mAh,Çift Hat,Var,23 MP,Dynamic Contrast Enhancer,60 Hz,Android,Var,
65,Sony Xperia Z5 (E6603),5.2 İnç,32 GB,3 GB,41puan,2900 mAh,Tek Hat,Var,23 MP,Dynamic Contrast Enhancer,60 Hz,Android,Var,
66,Huawei P Smart 2019 (64 GB) (POT-LX1),6.21 İnç,64 GB,3 GB,41puan,3400 mAh,Çift Hat,Yok,13 MP,Var,60 Hz,Android,Var,"3.719,00"
67,LG G5 SE (Çift Hat) (H845),5.3 İnç,32 GB,3 GB,41puan,2800 mAh,Çift Hat,Var,16 MP,Var,60 Hz,Android,Var,
68,LG G5 SE (Tek Hat) (H840),5.3 İnç,32 GB,3 GB,41puan,2800 mAh,Tek Hat,Var,16 MP,Var,60 Hz,Android,Var,
69,,,,,,,,,,,,,,
70,LG V10 (64 GB / Tek Hat) (H960),5.7 İnç,64 GB,4 GB,41puan,3000 mAh,Tek Hat,Var,16 MP,Var,60 Hz,Android,Var,
71,Xiaomi Mi Max 2 (32 GB),6.44 İnç,32 GB,4 GB,41puan,5300 mAh,Çift Hat,Var,12 MP,Var,60 Hz,Android,Yok,
72,Samsung Galaxy M20 (SM-M205F),6.3 İnç,32 GB,3 GB,41puan,5000 mAh,Tek Hat,Var,13 MP,Var,60 Hz,Android,Yok,"4.558,03"
73,Infinix Hot 9 Play (4 GB / 64 GB) (X680B),6.82 İnç,64 GB,4 GB,41puan,6000 mAh,Çift Hat,Yok,13 MP,Var,60 Hz,Android,Yok,
74,Huawei P40 lite E (ART-L29),6.39 İnç,64 GB,4 GB,41puan,4000 mAh,Çift Hat,Yok,48 MP,Var,60 Hz,Android,Yok,"5.389,02"
75,Xiaomi Redmi Note 6 Pro,6.26 İnç,32 GB,3 GB,41puan,4000 mAh,Çift Hat,Var,12 MP,Var,60 Hz,Android,Yok,
76,Redmi 10A (128 GB),6.53 İnç,128 GB,4 GB,41puan,5000 mAh,Çift Hat,Yok,13 MP,Var,60 Hz,Android,Yok,
77,Asus ZenFone 3 (64 GB) (ZE552KL),5.5 İnç,64 GB,4 GB,41puan,3000 mAh,Çift Hat,Var,16 MP,Var,60 Hz,Android,Yok,
78,Samsung Galaxy M20 (Çift Hat / 32 GB),6.3 İnç,32 GB,3 GB,41puan,5000 mAh,Çift Hat,Var,13 MP,Var,60 Hz,Android,Yok,"4.199,00"
79,Casper VIA A3 Plus,6.2 İnç,64 GB,6 GB,41puan,3000 mAh,Tek Hat,Yok,16 MP,Var,60 Hz,Android,Yok,
80,Huawei Y6p (MED-LX9N),6.3 İnç,64 GB,3 GB,41puan,5000 mAh,,Yok,13 MP,Var,60 Hz,Android,Var,"3.689,99"
81,Samsung Galaxy A03s (64 GB) (SM-A037F),6.5 İnç,64 GB,4 GB,40puan,5000 mAh,Çift Hat,Yok,13 MP,Var,60 Hz,Android,Yok,"4.712,62"
82,Vestel Venus Z20,5.65 İnç,64 GB,4 GB,40puan,3400 mAh,Tek Hat,Var,16 MP,Var,60 Hz,Android,Yok,"5.999,00"
83,General Mobile GM 21 Plus New Edition,6.53 İnç,64 GB,4 GB,40puan,5050 mAh,Tek Hat,Yok,16 MP,Var,60 Hz,Android,Yok,"3.799,00"
84,General Mobile GM 21 Plus (Tek Hat) (G510),6.53 İnç,64 GB,4 GB,40puan,5050 mAh,Tek Hat,Yok,16 MP,Var,60 Hz,Android,Yok,"3.979,95"
85,"Apple iPhone 7 (32 GB) (MN8Y2TU/A, MN912TU/A, MN902TU/A, MN8X2TU/A)",4.7 İnç,32 GB,2 GB,40puan,1960 mAh,Tek Hat,Yok,12 MP,Var,60 Hz,iOS,Var,"8.797,00"
86,Samsung Galaxy Note 4 (Tek Hat / 2.7 GHz / 4G) (SM-N910F),5.7 İnç,32 GB,3 GB,40puan,3220 mAh,Tek Hat,Var,16 MP,Var,60 Hz,Android,Var,
87,LG G4 (Tek Hat) (H815),5.5 İnç,32 GB,3 GB,40puan,3000 mAh,Tek Hat,Var,16 MP,Yok,60 Hz,Android,Var,
88,Samsung Galaxy Note 4 (Çift Hat / 2.7 GHz / 4G) (SM-N9100),5.7 İnç,32 GB,3 GB,40puan,3000 mAh,Çift Hat,Var,16 MP,Var,60 Hz,Android,Var,
89,Meizu M6 Note (M721H),5.5 İnç,64 GB,4 GB,40puan,4000 mAh,Çift Hat,Var,12 MP,Var,60 Hz,Android,Yok,
90,BlackBerry KEY2 LE,4.5 İnç,64 GB,4 GB,40puan,3000 mAh,,Var,13 MP,Var,60 Hz,Android,Var,
91,realme C21Y (RMX3263),6.5 İnç,64 GB,4 GB,40puan,5000 mAh,Çift Hat,Yok,13 MP,Var,60 Hz,Android,,"3.514,05"
92,Tecno Spark 8C (KG5k),6.6 İnç,64 GB,4 GB,40puan,5000 mAh,Çift Hat,Yok,13 MP,Var,90 Hz,Android,,"3.999,00"
93,Samsung Galaxy Note 4 (Tek Hat / 1.9 GHz) (SM-N910H),5.7 İnç,32 GB,3 GB,40puan,3220 mAh,Tek Hat,Var,16 MP,Var,60 Hz,Android,Var,
94,Samsung Galaxy A04e (SM-A042F),6.5 İnç,128 GB,4 GB,40puan,5000 mAh,Çift Hat,Yok,13 MP,Yok,60 Hz,Android,Yok,"4.294,70"
95,Samsung Galaxy A9 (2016) (SM-A9000),6.0 İnç,32 GB,3 GB,40puan,4000 mAh,Çift Hat,Var,13 MP,Var,60 Hz,Android,Var,
96,Xiaomi Redmi Note 5 (32 GB / 3 GB),5.99 İnç,32 GB,3 GB,40puan,4000 mAh,Çift Hat,Var,12 MP,Var,60 Hz,Android,Yok,
97,ZTE Nubia Z17 miniS,5.2 İnç,64 GB,6 GB,40puan,3200 mAh,Çift Hat,Yok,13 MP,Var,60 Hz,Android,Var,
98,Samsung Galaxy A03 (SM-A035F),6.5 İnç,64 GB,4 GB,40puan,5000 mAh,Çift Hat,Yok,48 MP,Yok,60 Hz,Android,Yok,"3.996,40"
99,Samsung Galaxy A02s (64 GB),6.5 İnç,64 GB,4 GB,40puan,5000 mAh,Çift Hat,Var,13 MP,Yok,60 Hz,Android,Yok,"4.558,03"
100,BlackBerry KEYone (Black Edition),4.5 İnç,64 GB,4 GB,40puan,3505 mAh,Tek Hat,Var,12 MP,Var,60 Hz,Android,Var,
101,Samsung Galaxy C5 Pro (SM-C5010),5.2 İnç,64 GB,4 GB,40puan,2600 mAh,Çift Hat,Var,16 MP,Var,60 Hz,Android,Var,
102,Casper VIA A4,6.3 İnç,64 GB,4 GB,40puan,3950 mAh,Çift Hat,Var,16 MP,Var,60 Hz,Android,Yok,"4.250,00"
103,Lenovo Moto Z Play (32 GB),5.5 İnç,32 GB,3 GB,40puan,3510 mAh,,Var,16 MP,Var,60 Hz,Android,Var,
104,Xiaomi Redmi 9C (64 GB),6.53 İnç,64 GB,3 GB,40puan,5000 mAh,Çift Hat,Yok,13 MP,Var,60 Hz,Android,Yok,"3.946,05"
105,Xiaomi Mi 5 (32 GB),5.15 İnç,32 GB,3 GB,40puan,3000 mAh,Çift Hat,Var,16 MP,Var,60 Hz,Android,Var,
106,Casper VIA A1 Plus (64 GB),5.5 İnç,64 GB,4 GB,40puan,5000 mAh,Çift Hat,Var,13 MP,Var,60 Hz,Android,Yok,
107,Xiaomi Mi A2 (32 GB),5.99 İnç,32 GB,4 GB,40puan,3010 mAh,Çift Hat,Var,12 MP,Var,60 Hz,Android,Yok,
108,Vivo Y11s (V2028),6.51 İnç,32 GB,3 GB,40puan,5000 mAh,Çift Hat,Var,13 MP,Var,60 Hz,Android,Yok,"3.282,03"
109,Xiaomi Redmi 8A,6.22 İnç,32 GB,2 GB,40puan,5000 mAh,Çift Hat,Var,12 MP,Yok,60 Hz,Android,Yok,"3.349,00"
110,Huawei P20 Lite (ANE-LX1),5.84 İnç,64 GB,4 GB,40puan,3000 mAh,Tek Hat,Var,16 MP,Var,60 Hz,Android,Var,"3.699,00"
111,Xiaomi Redmi 7 (64 GB / 3 GB),6.26 İnç,64 GB,3 GB,40puan,4000 mAh,Çift Hat,Yok,12 MP,Var,60 Hz,Android,Yok,
112,Xiaomi Mi 5s (64 GB),5.15 İnç,64 GB,3 GB,40puan,3200 mAh,Çift Hat,Var,12 MP,Var,60 Hz,Android,Var,
113,Alcatel 3x 2019 (5048Y),6.52 İnç,64 GB,4 GB,40puan,4000 mAh,Çift Hat,Yok,16 MP,Var,60 Hz,Android,Var,
114,realme C3 (32 GB),6.5 İnç,32 GB,3 GB,40puan,5000 mAh,Çift Hat,Yok,12 MP,Var,60 Hz,Android,Yok,
115,Huawei Mate 8 (32 GB),6.0 İnç,32 GB,3 GB,39puan,4000 mAh,Çift Hat,Var,16 MP,Var,60 Hz,Android,Var,
116,LG Q7+ (LMQ610ZA),5.5 İnç,64 GB,4 GB,39puan,3000 mAh,Tek Hat,Var,16 MP,Var,60 Hz,Android,Var,
117,"Apple iPhone 6s Plus (128 GB) (MKUE2TU/A, MKUG2TU/A, MKUF2TU/A, MKUD2TU/A)",5.5 İnç,128 GB,2 GB,39puan,2750 mAh,Tek Hat,Yok,12 MP,Var,60 Hz,iOS,Var,"3.549,00"
118,Honor 10 Lite (64 GB),6.21 İnç,64 GB,3 GB,39puan,3400 mAh,Çift Hat,Yok,13 MP,Var,60 Hz,Android,,
119,General Mobile GM 9 Plus,6.23 İnç,32 GB,3 GB,39puan,3450 mAh,Tek Hat,Var,12 MP,Var,60 Hz,Android,Var,
120,Samsung Galaxy A6+ Plus (Çift Hat / 64 GB),6.0 İnç,64 GB,4 GB,39puan,3500 mAh,Çift Hat,Yok,16 MP,Var,60 Hz,Android,Yok,
121,Samsung Galaxy A6+ Plus (SM-A605F),6.0 İnç,64 GB,4 GB,39puan,3500 mAh,Tek Hat,Yok,16 MP,Var,60 Hz,Android,Yok,
122,Sony Xperia Z3+ (E6553),5.2 İnç,32 GB,3 GB,39puan,2930 mAh,Tek Hat,Var,20.7 MP,"Dokunmatik Türü


Kapasitif Ekran",60 Hz,Android,Var,
123,Xiaomi Redmi 5 Plus (64 GB),5.99 İnç,64 GB,4 GB,39puan,4000 mAh,Çift Hat,Var,12 MP,Var,60 Hz,Android,Yok,
124,Infinix Hot 20i (64 GB) (X665E),6.6 İnç,64 GB,4 GB,39puan,5000 mAh,Çift Hat,Yok,13 MP,Var,60 Hz,Android,Yok,"3.791,04"
125,Microsoft Lumia 950,5.2 İnç,32 GB,3 GB,39puan,3000 mAh,Tek Hat,Var,20 MP,Yok,60 Hz,Windows,Var,
126,Honor 10 Lite (HRY-LX1),6.21 İnç,32 GB,3 GB,39puan,3400 mAh,Çift Hat,Yok,13 MP,Var,60 Hz,Android,Var,
127,LG G4 Dual (Çift Hat) (H818),5.5 İnç,32 GB,3 GB,39puan,3000 mAh,Çift Hat,Var,16 MP,Yok,60 Hz,Android,Var,
128,Oppo A16 (CPH2269),6.52 İnç,32 GB,3 GB,39puan,5000 mAh,Tek Hat,Yok,13 MP,Var,60 Hz,Android,Yok,"3.499,00"
129,Vodafone Smart Pro 7,5.5 İnç,32 GB,3 GB,39puan,3000 mAh,Tek Hat,Var,16 MP,Var,60 Hz,Android,Var,
130,Samsung Galaxy J7 Pro (Çift Hat / 64 GB),5.5 İnç,64 GB,3 GB,39puan,3600 mAh,Çift Hat,Yok,13 MP,Var,60 Hz,Android,Var,
131,Samsung Galaxy J7 Pro (64 GB),5.5 İnç,64 GB,3 GB,39puan,3600 mAh,Tek Hat,Yok,13 MP,Var,60 Hz,Android,Var,
132,Xiaomi Redmi Pro,5.5 İnç,64 GB,3 GB,39puan,4050 mAh,Çift Hat,Yok,13 MP,Var,60 Hz,Android,Yok,
133,LG V10 (32 GB / Tek Hat) (H960A),5.7 İnç,32 GB,4 GB,39puan,3000 mAh,Tek Hat,Var,16 MP,Var,60 Hz,Android,Var,
134,Samsung Galaxy A20 (Çift Hat),6.4 İnç,32 GB,3 GB,39puan,4000 mAh,Çift Hat,Var,13 MP,Var,60 Hz,Android,Yok,"3.749,00"
135,Samsung Galaxy A20 (SM-A205F),6.4 İnç,32 GB,3 GB,39puan,4000 mAh,Tek Hat,Var,13 MP,Var,60 Hz,Android,Yok,"4.199,00"
136,Samsung Galaxy Note Edge (SM-N915F),5.6 İnç,32 GB,3 GB,39puan,3000 mAh,Tek Hat,Var,16 MP,Var,60 Hz,Android,Var,
137,realme C21 (64 GB),6.5 İnç,64 GB,4 GB,39puan,5000 mAh,Çift Hat,Yok,13 MP,Var,60 Hz,Android,Yok,"4.069,00"
138,Samsung Galaxy M11 (SM-M115F),6.4 İnç,32 GB,3 GB,39puan,5000 mAh,Çift Hat,Var,13 MP,Var,60 Hz,Android,Yok,"3.919,02"
139,Vivo Y16 (3 GB / 32 GB),6.51 İnç,32 GB,3 GB,39puan,5000 mAh,Çift Hat,Yok,13 MP,Var,60 Hz,Android,Yok,"4.299,00"
140,HTC U Play (64 GB),5.2 İnç,64 GB,4 GB,39puan,2500 mAh,Çift Hat,Var,16 MP,Var,60 Hz,Android,Var,
141,Infinix Hot 10 Play,6.82 İnç,32 GB,3 GB,39puan,6000 mAh,Çift Hat,Yok,13 MP,Var,60 Hz,Android,Yok,"3.199,00"
142,Elephone A6 Max,6.53 İnç,64 GB,4 GB,39puan,3450 mAh,Çift Hat,Var,20 MP,Var,60 Hz,Android,Var,
143,Sony Xperia Z5 Compact (E5803),4.6 İnç,32 GB,2 GB,39puan,2700 mAh,Tek Hat,Var,23 MP,Dynamic Contrast Enhancer,60 Hz,Android,Var,
144,Samsung Galaxy A9 Star Lite (SM-A6050),6.0 İnç,64 GB,4 GB,39puan,3500 mAh,Çift Hat,Yok,16 MP,Var,60 Hz,Android,,
145,Redmi 10A (64 GB),6.53 İnç,64 GB,4 GB,39puan,5000 mAh,Çift Hat,Yok,13 MP,Var,60 Hz,Android,Yok,
146,CAT S41,5.0 İnç,32 GB,3 GB,39puan,5000 mAh,Çift Hat,Var,13 MP,Yok,60 Hz,Android,Var,
147,Oukitel C21 Pro,6.39 İnç,64 GB,4 GB,39puan,4000 mAh,Çift Hat,Yok,21 MP,Var,60 Hz,Android,Yok,"3.899,00"
148,Xiaomi Redmi 9A (64 GB),6.53 İnç,64 GB,4 GB,38puan,5000 mAh,Çift Hat,Yok,13 MP,Yok,60 Hz,Android,Yok,"3.199,00"
149,Tecno Spark 6 Go 2021 (KE5k),6.52 İnç,64 GB,4 GB,38puan,5000 mAh,Çift Hat,Yok,13 MP,Var,60 Hz,Android,Yok,"3.620,00"
150,Tecno Spark 6 Go,6.52 İnç,64 GB,4 GB,38puan,5000 mAh,Çift Hat,Yok,13 MP,Var,60 Hz,Android,Yok,"3.739,00"
151,Huawei Nova 2 Plus (BAC-L21),5.5 İnç,64 GB,4 GB,38puan,3340 mAh,Çift Hat,Var,12 MP,Var,60 Hz,Android,Yok,
152,Oppo A31 (CPH2015),6.5 İnç,64 GB,4 GB,38puan,4230 mAh,Tek Hat,Yok,12 MP,Var,60 Hz,Android,Yok,"6.289,00"
153,Huawei P20 Lite (Çift Hat / 64 GB),5.84 İnç,64 GB,4 GB,38puan,3000 mAh,Çift Hat,Var,16 MP,Var,60 Hz,Android,,
154,Infinix Hot 8 (64 GB) (X650C),6.52 İnç,64 GB,4 GB,38puan,5000 mAh,Çift Hat,Yok,13 MP,Var,60 Hz,Android,Yok,
155,ZTE Nubia Z17 mini (Standard Edition),5.2 İnç,64 GB,4 GB,38puan,2950 mAh,Çift Hat,Yok,13 MP,Var,60 Hz,Android,Var,
156,Xiaomi Mi 5s (32 GB),5.15 İnç,32 GB,4 GB,38puan,3200 mAh,Çift Hat,Var,12 MP,Var,60 Hz,Android,Var,
157,Vivo Y15s,6.51 İnç,32 GB,3 GB,38puan,5000 mAh,Çift Hat,Yok,13 MP,Var,60 Hz,Android,Yok,"3.089,00"
158,Meizu Pro 7,5.2 İnç,64 GB,4 GB,38puan,3000 mAh,Çift Hat,Var,12 MP,Var,60 Hz,Android,,
159,Vestel Venus Z30 (20274551),6.18 İnç,64 GB,4 GB,38puan,3300 mAh,Tek Hat,Var,16 MP,Var,60 Hz,Android,Yok,"5.899,00"
160,BlackBerry Priv,5.4 İnç,32 GB,3 GB,38puan,3410 mAh,Tek Hat,Var,18 MP,Yok,60 Hz,Android,Var,
161,Sony Xperia XA1 Plus (G3421),5.5 İnç,32 GB,4 GB,38puan,3430 mAh,Tek Hat,Var,23 MP,Var,60 Hz,Android,Var,
162,Samsung Galaxy M10s (SM-M107F/DS),6.4 İnç,32 GB,3 GB,38puan,4000 mAh,Çift Hat,Var,13 MP,Var,60 Hz,Android,Yok,
163,Infinix Smart 5 (X657B),6.6 İnç,64 GB,3 GB,38puan,5000 mAh,Çift Hat,Yok,13 MP,Var,60 Hz,Android,Yok,"3.299,00"
164,Samsung Galaxy A03s (SM-A037F),6.5 İnç,32 GB,3 GB,38puan,5000 mAh,Çift Hat,Yok,13 MP,Var,60 Hz,Android,Yok,"4.000,00"
165,Huawei Nova Plus (MLA-L01),5.5 İnç,32 GB,3 GB,38puan,3340 mAh,Çift Hat,Var,16 MP,Var,60 Hz,Android,Var,
166,Asus ZenFone 3 (32 GB) (ZE552KL),5.5 İnç,32 GB,3 GB,38puan,3000 mAh,Tek Hat,Var,16 MP,Var,60 Hz,Android,Yok,
167,Oppo A15s (CPH2179),6.52 İnç,64 GB,4 GB,38puan,4230 mAh,Tek Hat,Yok,13 MP,Var,60 Hz,Android,Yok,"4.549,00"
168,Meizu Note 8,5.99 İnç,64 GB,4 GB,38puan,3600 mAh,Çift Hat,Var,12 MP,Var,60 Hz,Android,Yok,
169,Xiaomi Mi A2 Lite (64 GB),5.84 İnç,64 GB,4 GB,38puan,4000 mAh,Çift Hat,Yok,12 MP,Var,60 Hz,Android,Yok,
170,Samsung Galaxy A8 (2016) (SM-A810F/DS),5.7 İnç,32 GB,3 GB,38puan,3300 mAh,Çift Hat,Var,16 MP,Var,60 Hz,Android,Var,
171,Xiaomi Mi A1 (64 GB),5.5 İnç,64 GB,4 GB,38puan,3080 mAh,Çift Hat,Yok,12 MP,Var,60 Hz,Android,Yok,
172,Xiaomi Redmi 7 (32 GB / 3 GB),6.26 İnç,32 GB,3 GB,38puan,4000 mAh,Çift Hat,Yok,12 MP,Var,60 Hz,Android,Yok,
173,Samsung Galaxy J8 (64 GB / Çift Hat / 4 GB),6.0 İnç,64 GB,4 GB,38puan,3500 mAh,Çift Hat,Yok,16 MP,Var,60 Hz,Android,Yok,
174,Samsung Galaxy On8 (2018),6.0 İnç,64 GB,4 GB,38puan,3500 mAh,Çift Hat,Yok,16 MP,Var,60 Hz,Android,Yok,
175,Huawei P Smart 2019 (32 GB),6.21 İnç,32 GB,3 GB,38puan,3400 mAh,Çift Hat,Yok,13 MP,Var,60 Hz,Android,,
176,Elephone PX,6.53 İnç,64 GB,4 GB,38puan,3300 mAh,Çift Hat,Var,16 MP,Var,60 Hz,Android,Yok,
177,Xiaomi Mi 5X (64 GB),5.5 İnç,64 GB,4 GB,38puan,3080 mAh,Çift Hat,Yok,12 MP,Var,60 Hz,Android,Yok,
178,Samsung Galaxy A20s (SM-A207F/DS),6.5 İnç,32 GB,3 GB,37puan,4000 mAh,Çift Hat,Var,13 MP,Var,60 Hz,Android,Yok,"4.399,00"
179,Xiaomi Redmi 6 Pro (64 GB),5.84 İnç,64 GB,4 GB,37puan,4000 mAh,Çift Hat,Yok,12 MP,Var,60 Hz,Android,Yok,
180,"Apple iPhone 6s Plus (64 GB) (MKU82TU/A, MKU72TU/A, MKU92TU/A, MKU62TU/A)",5.5 İnç,64 GB,2 GB,37puan,2750 mAh,Tek Hat,Yok,12 MP,Var,60 Hz,iOS,Var,"3.099,00"
181,LG K50s (LMX540),6.5 İnç,32 GB,3 GB,37puan,4000 mAh,Çift Hat,Yok,13 MP,Var,60 Hz,Android,Var,
182,Samsung Galaxy A02s (SM-A025F),6.5 İnç,32 GB,3 GB,37puan,5000 mAh,Çift Hat,Var,13 MP,Yok,60 Hz,Android,Yok,"3.919,02"
183,BlackBerry KEYone,4.5 İnç,32 GB,3 GB,37puan,3505 mAh,Tek Hat,Var,12 MP,Var,60 Hz,Android,Var,
184,Samsung Galaxy C7 (64 GB) (SM-C7000),5.7 İnç,64 GB,4 GB,37puan,3300 mAh,Çift Hat,Var,16 MP,Var,60 Hz,Android,Var,
185,LG Q Stylus+ (LMQ710),6.2 İnç,64 GB,4 GB,37puan,3300 mAh,Tek Hat,Var,16 MP,Var,60 Hz,Android,Yok,
186,Meizu Pro 6,5.2 İnç,32 GB,4 GB,37puan,2560 mAh,Çift Hat,Var,21.1 MP,Var,60 Hz,Android,Var,
187,realme C3i (RMX2027),6.5 İnç,32 GB,2 GB,37puan,5000 mAh,Çift Hat,Yok,12 MP,Yok,60 Hz,Android,Yok,"3.149,00"
188,Xiaomi Redmi 9C (32 GB),6.53 İnç,32 GB,2 GB,37puan,5000 mAh,Çift Hat,Yok,13 MP,Var,60 Hz,Android,Yok,"3.099,99"
189,Lenovo Moto Z Play (16 GB),5.5 İnç,16 GB,3 GB,37puan,3510 mAh,,Var,16 MP,Var,60 Hz,Android,Var,
190,Reeder P10S,5.5 İnç,64 GB,4 GB,37puan,3000 mAh,Çift Hat,Var,16 MP,Var,60 Hz,Android,Yok,
191,Oppo AX7 (64 GB / 4 GB),6.2 İnç,64 GB,4 GB,37puan,4230 mAh,Tek Hat,Yok,13 MP,Var,60 Hz,Android,Yok,
192,General Mobile GM 20 (Tek Hat) (G301),6.09 İnç,64 GB,4 GB,37puan,4000 mAh,Tek Hat,Yok,13 MP,Var,60 Hz,Android,Yok,"3.349,00"
193,General Mobile GM 20 (Çift Hat) (G301 d),6.09 İnç,64 GB,4 GB,37puan,4000 mAh,Çift Hat,Yok,13 MP,Var,60 Hz,Android,Yok,
194,Tecno Camon 12 Air,6.55 İnç,64 GB,4 GB,37puan,4000 mAh,Çift Hat,Yok,16 MP,Var,60 Hz,Android,Yok,"4.559,00"
195,General Mobile GM 22 (G312),6.52 İnç,32 GB,3 GB,37puan,5000 mAh,Tek Hat,Yok,13 MP,Var,60 Hz,Android,Yok,"3.095,90"
196,Samsung Galaxy J8 (64 GB / Çift Hat / 3 GB),6.0 İnç,64 GB,3 GB,37puan,3500 mAh,Çift Hat,Yok,16 MP,Var,60 Hz,Android,Yok,
197,Samsung Galaxy J8 (64 GB),6.0 İnç,64 GB,3 GB,37puan,3500 mAh,Tek Hat,Yok,16 MP,Var,60 Hz,Android,Yok,
198,Samsung Galaxy J7 Pro (Tek Hat / 32 GB),5.5 İnç,32 GB,3 GB,37puan,3600 mAh,Tek Hat,Yok,13 MP,Var,60 Hz,Android,Var,
199,Samsung Galaxy J7 Pro (Çift Hat / 32 GB),5.5 İnç,32 GB,3 GB,37puan,3600 mAh,Çift Hat,Yok,13 MP,Var,60 Hz,Android,Var,
200,Xiaomi Mi Max (64 GB),6.44 İnç,64 GB,3 GB,37puan,4850 mAh,Çift Hat,Yok,16 MP,Var,60 Hz,Android,Yok,
201,LG Q60 (LMX525),6.26 İnç,64 GB,3 GB,37puan,3500 mAh,Tek Hat,Yok,16 MP,Var,60 Hz,Android,,
202,Samsung Galaxy A6+ Plus (Çift Hat / 32 GB),6.0 İnç,32 GB,3 GB,37puan,3500 mAh,Çift Hat,Yok,16 MP,Var,60 Hz,Android,Yok,
203,Casper VIA S (128 GB),6.22 İnç,128 GB,3 GB,37puan,3500 mAh,Çift Hat,Yok,13 MP,Var,60 Hz,Android,Yok,"7.839,02"
204,Motorola Moto G5S Plus (XT1803),5.5 İnç,32 GB,3 GB,37puan,3000 mAh,Tek Hat,Var,13 MP,Var,60 Hz,Android,Var,
205,Xiaomi Redmi 5 Plus,5.99 İnç,32 GB,3 GB,37puan,4000 mAh,Çift Hat,Var,12 MP,Var,60 Hz,Android,Yok,"3.609,49"
206,Huawei P10 Lite (Çift Hat / 64 GB),5.2 İnç,64 GB,4 GB,37puan,3000 mAh,Çift Hat,Var,12 MP,Var,60 Hz,Android,Var,
207,Huawei Mate 10 Lite (Çift Hat) (RNE-L21),5.9 İnç,64 GB,4 GB,37puan,3340 mAh,Çift Hat,Yok,16 MP,Var,60 Hz,Android,Yok,"3.299,00"
208,Huawei Mate 10 Lite (RNE-L01),5.9 İnç,64 GB,4 GB,37puan,3340 mAh,Tek Hat,Yok,16 MP,Var,60 Hz,Android,Yok,"6.800,00"
209,Oppo AX7 (64 GB / 3 GB),6.2 İnç,64 GB,3 GB,37puan,4230 mAh,Tek Hat,Yok,13 MP,Var,60 Hz,Android,Yok,"3.329,00"
210,Casper VIA A3,6.2 İnç,64 GB,4 GB,37puan,3400 mAh,Tek Hat,Yok,12 MP,Var,60 Hz,Android,Yok,
211,LG K41S (LM-K410),6.55 İnç,32 GB,3 GB,36puan,4000 mAh,Çift Hat,Yok,13 MP,Var,60 Hz,Android,Var,"3.799,00"
212,Huawei P9 (Tek Hat) (EVA-L09),5.2 İnç,32 GB,3 GB,36puan,3000 mAh,Tek Hat,Var,12 MP,Var,60 Hz,Android,Var,
213,Alcatel 3 2019 (64 GB) (5053K),5.94 İnç,64 GB,4 GB,36puan,3500 mAh,Çift Hat,Yok,13 MP,Var,60 Hz,Android,Var,
214,Huawei Mate S (64 GB),5.5 İnç,64 GB,3 GB,36puan,2700 mAh,Tek Hat,Yok,13 MP,Var,60 Hz,Android,Var,
215,Samsung Galaxy S5 (Tek Hat / 32 GB) (SM-G900H),5.1 İnç,32 GB,2 GB,36puan,2800 mAh,Tek Hat,Yok,16 MP,Var,60 Hz,Android,Var,
216,Samsung Galaxy C8 (64 GB) (SM-C7100),5.5 İnç,64 GB,4 GB,36puan,3000 mAh,Çift Hat,Yok,13 MP,Var,60 Hz,Android,Yok,
217,LG G Flex 2 (32 GB) (H959),5.5 İnç,32 GB,3 GB,36puan,3000 mAh,Tek Hat,Var,13 MP,Yok,60 Hz,Android,Var,
218,Sony Xperia XA1 Ultra (G3221),6.0 İnç,32 GB,4 GB,36puan,2700 mAh,Tek Hat,Var,23 MP,Yok,60 Hz,Android,Var,
219,Ulefone Note 9P,6.52 İnç,64 GB,4 GB,36puan,4500 mAh,Çift Hat,Yok,16 MP,Var,60 Hz,Android,Yok,"2.965,05"
220,Huawei Honor 8,5.2 İnç,32 GB,3 GB,36puan,3000 mAh,Çift Hat,Var,12 MP,Var,60 Hz,Android,Var,
221,Samsung Galaxy S5 (Tek Hat / 4G / 32 GB) (SM-G900F),5.1 İnç,32 GB,2 GB,36puan,2800 mAh,Tek Hat,Yok,16 MP,Var,60 Hz,Android,Var,
222,Casper VIA F3,6.26 İnç,64 GB,3 GB,36puan,4000 mAh,Çift Hat,Yok,12 MP,Var,60 Hz,Android,Yok,
223,HTC U Play (32 GB),5.2 İnç,32 GB,3 GB,36puan,2500 mAh,Tek Hat,Var,16 MP,Var,60 Hz,Android,Var,"5.500,00"
224,Samsung Galaxy A11 (SM-A115F),6.4 İnç,32 GB,2 GB,36puan,4000 mAh,Çift Hat,Var,13 MP,Var,60 Hz,Android,Yok,"4.189,00"
225,realme C21 (RMX3201),6.5 İnç,32 GB,3 GB,36puan,5000 mAh,Çift Hat,Yok,13 MP,Var,60 Hz,Android,Yok,"3.799,00"
226,Sony Xperia X (F5121),5.0 İnç,32 GB,3 GB,36puan,2620 mAh,Tek Hat,Yok,23 MP,Dynamic Contrast Enhancer,60 Hz,Android,Var,
227,Huawei Nova (CAN-L01),5.0 İnç,32 GB,3 GB,36puan,3020 mAh,Tek Hat,Var,12 MP,Var,60 Hz,Android,Var,
228,Tecno Spark 5,6.6 İnç,32 GB,2 GB,36puan,5000 mAh,Çift Hat,Yok,13 MP,Var,60 Hz,Android,Yok,
229,Asus ZenFone 2 (64 GB) (ZE551ML),5.5 İnç,64 GB,4 GB,36puan,3000 mAh,Çift Hat,Var,13 MP,Yok,60 Hz,Android,Var,
230,Xiaomi Redmi Note 4 (MediaTek) (64 GB),5.5 İnç,64 GB,4 GB,36puan,4100 mAh,Çift Hat,Yok,13 MP,Var,60 Hz,Android,Yok,
231,HTC One M9,5.0 İnç,32 GB,3 GB,36puan,2840 mAh,Tek Hat,Var,20 MP,Yok,60 Hz,Android,Var,
232,LG G3 (32 GB) (D855),5.5 İnç,32 GB,3 GB,36puan,3000 mAh,Tek Hat,Yok,13 MP,Yok,60 Hz,Android,Var,
233,"Vestel Venus V7 (20274732, 20274733)",6.21 İnç,64 GB,3 GB,36puan,4050 mAh,Çift Hat,Yok,13 MP,Var,60 Hz,Android,Yok,"4.299,00"
234,Xiaomi Redmi Note 4 (64 GB),5.5 İnç,64 GB,4 GB,36puan,4100 mAh,Çift Hat,Yok,13 MP,Var,60 Hz,Android,Yok,
235,Xiaomi Mi A1 (32 GB),5.5 İnç,32 GB,4 GB,36puan,3080 mAh,Çift Hat,Yok,12 MP,Var,60 Hz,Android,Yok,
236,Sony Xperia X Compact (F5321),4.6 İnç,32 GB,3 GB,36puan,2700 mAh,Tek Hat,Var,23 MP,Dynamic Contrast Enhancer,60 Hz,Android,Var,
237,Samsung Galaxy A6 (Çift Hat / 64 GB),5.6 İnç,64 GB,4 GB,36puan,3000 mAh,Çift Hat,Yok,16 MP,Var,60 Hz,Android,Yok,
238,Samsung Galaxy A6 (SM-A600F),5.6 İnç,64 GB,4 GB,36puan,3000 mAh,Tek Hat,Yok,16 MP,Var,60 Hz,Android,Yok,
239,Asus ZenFone 4 Max (ZC554KL),5.5 İnç,32 GB,3 GB,36puan,5000 mAh,,Var,13 MP,Var,60 Hz,Android,Yok,
240,Elephone A7H,6.41 İnç,64 GB,4 GB,36puan,3900 mAh,Çift Hat,Var,13 MP,Var,60 Hz,Android,Yok,"4.148,93"
241,HTC Desire 10 Pro (64 GB),5.5 İnç,64 GB,4 GB,36puan,3000 mAh,Çift Hat,Var,20 MP,Var,60 Hz,Android,Var,
242,Huawei P Smart (64 GB),5.65 İnç,64 GB,3 GB,36puan,3000 mAh,,Yok,13 MP,Var,60 Hz,Android,Var,
243,Elephone P9000,5.5 İnç,32 GB,4 GB,36puan,3000 mAh,Çift Hat,Var,13 MP,Var,60 Hz,Android,Var,
244,Xiaomi Redmi Note 4X (MediaTek) (64 GB),5.5 İnç,64 GB,4 GB,36puan,4100 mAh,Çift Hat,Yok,13 MP,Var,60 Hz,Android,Yok,
245,Honor 7X (BND-L21),5.93 İnç,64 GB,4 GB,36puan,3340 mAh,Çift Hat,Yok,16 MP,Var,60 Hz,Android,Yok,
246,Lenovo Vibe P1 Pro (P1a41),5.5 İnç,32 GB,3 GB,36puan,5000 mAh,Tek Hat,Var,13 MP,Var,60 Hz,Android,Var,
247,Infinix S5 Lite (X652B),6.6 İnç,64 GB,4 GB,36puan,4000 mAh,Çift Hat,Yok,16 MP,Var,60 Hz,Android,Yok,
248,General Mobile GM 21 New Edition,6.52 İnç,32 GB,3 GB,36puan,5000 mAh,Tek Hat,Yok,13 MP,Var,60 Hz,Android,Yok,"2.799,00"
249,Xiaomi Redmi Note 4X (64 GB),5.5 İnç,64 GB,4 GB,36puan,4100 mAh,Çift Hat,Yok,13 MP,Var,60 Hz,Android,Yok,
250,General Mobile GM 21 (Tek Hat) (G310),6.52 İnç,32 GB,3 GB,36puan,5000 mAh,Tek Hat,Yok,13 MP,Var,60 Hz,Android,Yok,"2.874,74"
251,General Mobile GM 21 (Çift Hat) (G311),6.52 İnç,32 GB,3 GB,36puan,5000 mAh,Çift Hat,Yok,13 MP,Var,60 Hz,Android,Yok,"2.874,74"
252,Xiaomi Mi 5X (32 GB),5.5 İnç,32 GB,4 GB,36puan,3080 mAh,Çift Hat,Yok,12 MP,Var,60 Hz,Android,Yok,
253,HTC One M9+,5.2 İnç,32 GB,3 GB,36puan,2840 mAh,Tek Hat,Yok,20 MP,Var,60 Hz,Android,Var,
254,Alcatel Idol 4S,5.5 İnç,32 GB,3 GB,35puan,3000 mAh,Tek Hat,Var,16 MP,Yok,60 Hz,Android,Var,
255,LG Q7+ BTS Edition (LM-Q617EM),5.5 İnç,32 GB,3 GB,35puan,3000 mAh,Tek Hat,Var,13 MP,Var,60 Hz,Android,Var,
256,"Apple iPhone 6s (128 GB) (MKQV2TU/A, MKQT2TU/A, MKQU2TU/A, MKQW2TU/A)",4.7 İnç,128 GB,2 GB,35puan,1715 mAh,Tek Hat,Yok,12 MP,Var,60 Hz,iOS,Var,"2.999,00"
257,"Apple iPhone 6s Plus (32 GB) (MN2W2TU/A, MN2X2TU/A, MN2V2TU/A, MN2Y2TU/A)",5.5 İnç,32 GB,2 GB,35puan,2750 mAh,Tek Hat,Yok,12 MP,Var,60 Hz,iOS,Var,"2.899,00"
258,Samsung Galaxy C7 (32 GB) (SM-C7000),5.7 İnç,32 GB,4 GB,35puan,3300 mAh,Çift Hat,Var,16 MP,Var,60 Hz,Android,Var,
259,Reeder P12 Curve,5.5 İnç,64 GB,4 GB,35puan,4500 mAh,Çift Hat,Yok,13 MP,Var,60 Hz,Android,Yok,
260,Xiaomi Mi Play,5.84 İnç,64 GB,4 GB,35puan,3000 mAh,Çift Hat,Yok,12 MP,Var,60 Hz,Android,Yok,
261,Xiaomi Redmi S2 (64 GB),5.99 İnç,64 GB,4 GB,35puan,3080 mAh,Çift Hat,Yok,12 MP,Var,60 Hz,Android,Yok,
262,LG Q7 Prime (LMQ610ZM),5.5 İnç,32 GB,3 GB,35puan,3000 mAh,Tek Hat,Var,13 MP,Var,60 Hz,Android,Var,
263,Xiaomi Mi A2 Lite (32 GB),5.84 İnç,32 GB,3 GB,35puan,4000 mAh,Çift Hat,Yok,12 MP,Var,60 Hz,Android,Yok,
264,Lenovo Vibe Z2 Pro (K920),6.0 İnç,32 GB,3 GB,35puan,4000 mAh,Çift Hat,Yok,16 MP,Yok,60 Hz,Android,Var,
265,Oppo A15s (32 GB),6.52 İnç,32 GB,3 GB,35puan,4230 mAh,Tek Hat,Yok,13 MP,Var,60 Hz,Android,Yok,
266,Xiaomi Redmi 9A,6.53 İnç,32 GB,2 GB,35puan,5000 mAh,Çift Hat,Yok,13 MP,Yok,60 Hz,Android,Yok,"3.599,00"
267,Samsung Galaxy J8 (SM-J810F),6.0 İnç,32 GB,3 GB,35puan,3500 mAh,Tek Hat,Yok,16 MP,Var,60 Hz,Android,Yok,
268,Huawei P9 (Çift Hat) (EVA-L19),5.2 İnç,32 GB,3 GB,35puan,3000 mAh,Çift Hat,Var,12 MP,Var,60 Hz,Android,Yok,
269,realme C2 (64 GB) (RMX1941),6.1 İnç,64 GB,3 GB,35puan,4000 mAh,Çift Hat,Yok,13 MP,Yok,60 Hz,Android,Yok,"4.999,00"
270,Ulefone Note 10,6.52 İnç,32 GB,2 GB,35puan,5500 mAh,Çift Hat,Yok,8 MP,Var,60 Hz,Android,Yok,
271,Alcatel 1SE (2020) (5030F),6.22 İnç,64 GB,4 GB,35puan,4000 mAh,Çift Hat,Yok,13 MP,Var,60 Hz,Android,Yok,"5.900,00"
272,Samsung Galaxy J8 (32 GB / Çift Hat / 3 GB),6.0 İnç,32 GB,3 GB,35puan,3500 mAh,Çift Hat,Yok,16 MP,Var,60 Hz,Android,Yok,
273,Samsung Galaxy C5 (64 GB) (SM-C5000),5.2 İnç,64 GB,4 GB,35puan,2600 mAh,Çift Hat,Var,16 MP,Var,60 Hz,Android,Var,
274,Asus Zenfone Max M2 (ZB633KL),6.26 İnç,32 GB,3 GB,35puan,4000 mAh,Çift Hat,Yok,13 MP,Var,60 Hz,Android,Yok,
275,Vestel Venus Z10,5.2 İnç,64 GB,4 GB,35puan,3050 mAh,Tek Hat,Var,13 MP,Var,60 Hz,Android,Yok,"2.950,00"
276,Alcatel A7 (5090Y),5.5 İnç,32 GB,3 GB,35puan,4000 mAh,Tek Hat,Var,16 MP,Var,60 Hz,Android,Var,
277,Sony Xperia Z2 (D6503),5.2 İnç,16 GB,3 GB,35puan,3200 mAh,Tek Hat,Yok,20.7 MP,Yok,60 Hz,Android,Var,
278,TCL 20E (6125D),6.52 İnç,32 GB,3 GB,35puan,4000 mAh,Çift Hat,Yok,13 MP,Var,60 Hz,Android,Yok,"2.698,99"
279,Lenovo Vibe P1 (P1A42),5.5 İnç,32 GB,2 GB,35puan,5000 mAh,Çift Hat,Var,13 MP,Var,60 Hz,Android,Var,
280,Xiaomi Mi Max (32 GB),6.44 İnç,32 GB,3 GB,35puan,4850 mAh,Çift Hat,Yok,16 MP,Var,60 Hz,Android,Yok,
281,Samsung Galaxy J7+ (SM-C710F),5.5 İnç,32 GB,4 GB,35puan,3000 mAh,Çift Hat,Yok,13 MP,Var,60 Hz,Android,Yok,
282,realme C11 (3 GB),6.5 İnç,32 GB,3 GB,35puan,5000 mAh,Çift Hat,Yok,13 MP,Yok,60 Hz,Android,Yok,
283,Honor 8C (BKK-LX2),6.26 İnç,32 GB,3 GB,35puan,4000 mAh,Çift Hat,Yok,13 MP,Var,60 Hz,Android,Yok,"5.999,90"
284,Huawei P8 (64 GB) (GRA-L10),5.2 İnç,64 GB,3 GB,35puan,2680 mAh,Çift Hat,Yok,13 MP,Yok,60 Hz,Android,Var,
285,Sony Xperia M5 (E5603),5.0 İnç,16 GB,3 GB,35puan,2600 mAh,Tek Hat,Yok,21.5 MP,Yok,60 Hz,Android,Var,
286,Casper VIA S,6.22 İnç,64 GB,3 GB,35puan,3500 mAh,Çift Hat,Yok,13 MP,Var,60 Hz,Android,Yok,"3.699,00"
287,Asus ZenFone 2 (32 GB) (ZE551ML),5.5 İnç,32 GB,4 GB,35puan,3000 mAh,Çift Hat,Var,13 MP,Yok,60 Hz,Android,Var,
288,Huawei P10 Lite (WAS-LX1A),5.2 İnç,32 GB,4 GB,35puan,3000 mAh,Tek Hat,Var,12 MP,Var,60 Hz,Android,Var,"4.299,00"
289,Samsung Galaxy On7 Prime (4 GB / 64 GB),5.5 İnç,64 GB,4 GB,35puan,3300 mAh,Çift Hat,Yok,13 MP,Var,60 Hz,Android,Yok,
290,Alcatel 5V,6.2 İnç,32 GB,3 GB,35puan,4000 mAh,,Yok,12 MP,Var,60 Hz,Android,Var,
291,Huawei P10 Lite (Çift Hat / 32 GB),5.2 İnç,32 GB,4 GB,35puan,3000 mAh,Çift Hat,Var,12 MP,Var,60 Hz,Android,Var,
292,Sony Xperia Z3 Dual (Çift Hat) (D6633),5.2 İnç,16 GB,3 GB,35puan,3100 mAh,Çift Hat,Yok,20.7 MP,Yok,60 Hz,Android,Var,
293,Sony Xperia Z3 (Tek Hat) (D6603),5.2 İnç,16 GB,3 GB,35puan,3100 mAh,Tek Hat,Yok,20.7 MP,Yok,60 Hz,Android,Var,
294,Honor 9 Lite (LLD-L31),5.65 İnç,32 GB,3 GB,35puan,3000 mAh,Çift Hat,Yok,13 MP,Var,60 Hz,Android,Var,
295,LG K50 (LM-X520),6.26 İnç,32 GB,3 GB,34puan,3500 mAh,Çift Hat,Yok,13 MP,Var,60 Hz,Android,Var,
296,Asus Zenfone Max Plus (M1) (ZB570TL),5.7 İnç,32 GB,3 GB,34puan,4130 mAh,Çift Hat,Yok,16 MP,Var,60 Hz,Android,Yok,
297,Xiaomi Redmi 7,6.26 İnç,16 GB,2 GB,34puan,4000 mAh,Çift Hat,Yok,12 MP,Var,60 Hz,Android,Yok,
298,Samsung Galaxy C8 (32 GB) (SM-C7100),5.5 İnç,32 GB,3 GB,34puan,3000 mAh,Çift Hat,Yok,13 MP,Var,60 Hz,Android,Yok,
299,Huawei Mate S (32 GB) (CRR-UL00),5.5 İnç,32 GB,3 GB,34puan,2700 mAh,Tek Hat,Yok,13 MP,Var,60 Hz,Android,Var,"7.839,02"
300,Samsung Galaxy J7 Pro (SM-J730F),5.5 İnç,16 GB,3 GB,34puan,3600 mAh,Tek Hat,Yok,13 MP,Var,60 Hz,Android,Var,
301,Samsung Galaxy S5 (Tek Hat / 16 GB) (SM-G900H),5.1 İnç,16 GB,2 GB,34puan,2800 mAh,Tek Hat,Yok,16 MP,Var,60 Hz,Android,Var,
302,realme C11 (2021) (RMX3231),6.5 İnç,32 GB,2 GB,34puan,5000 mAh,Çift Hat,Yok,8 MP,Yok,60 Hz,Android,Yok,"3.169,00"
303,Samsung Galaxy J6 (Çift Hat / 64 GB),5.6 İnç,64 GB,4 GB,34puan,3000 mAh,Çift Hat,Yok,13 MP,Var,60 Hz,Android,Yok,
304,Reeder P12S,5.5 İnç,64 GB,6 GB,34puan,3000 mAh,Çift Hat,Yok,16 MP,Var,60 Hz,Android,Yok,
305,Samsung Galaxy J7 Pro (Çift Hat / 16 GB) (SM-J730F/DS),5.5 İnç,16 GB,3 GB,34puan,3600 mAh,Çift Hat,Yok,13 MP,Var,60 Hz,Android,Var,
306,General Mobile GM 8 2019 Edition (Tek Hat / 64 GB),5.7 İnç,64 GB,4 GB,34puan,3075 mAh,Tek Hat,Yok,13 MP,Var,60 Hz,Android,Yok,
307,ZTE Axon 7 Mini,5.2 İnç,32 GB,3 GB,34puan,2705 mAh,Çift Hat,Var,16 MP,Var,60 Hz,Android,Var,
308,Samsung Galaxy J7 (2017),5.5 İnç,16 GB,3 GB,34puan,3600 mAh,Çift Hat,Yok,13 MP,Var,60 Hz,Android,Var,
309,realme C11 (2 GB) (RMX2185),6.5 İnç,32 GB,2 GB,34puan,5000 mAh,Çift Hat,Yok,13 MP,Yok,60 Hz,Android,Yok,"3.245,70"
310,"Apple iPhone SE (128 GB) (MP872TU/A, MP882TU/A, MP862TU/A, MP892TU/A)",4.0 İnç,128 GB,2 GB,34puan,1625 mAh,Tek Hat,Yok,12 MP,Var,60 Hz,iOS,Var,
311,Samsung Galaxy A7 (2016) (Tek Hat) (SM-A710F),5.5 İnç,16 GB,3 GB,34puan,3300 mAh,Tek Hat,Var,13 MP,Var,60 Hz,Android,Var,
312,Huawei G9 Plus,5.5 İnç,32 GB,3 GB,34puan,3340 mAh,Çift Hat,Yok,16 MP,Var,60 Hz,Android,Yok,
313,HTC One A9 (32 GB),5.0 İnç,32 GB,3 GB,34puan,2150 mAh,Tek Hat,Var,13 MP,Var,60 Hz,Android,Var,
314,Samsung Galaxy A7 (2016) (Çift Hat) (SM-A710FD),5.5 İnç,16 GB,3 GB,34puan,3300 mAh,Çift Hat,Var,13 MP,Var,60 Hz,Android,Var,"2.557,50"
315,LG G Flex 2 (16 GB) (H955),5.5 İnç,16 GB,2 GB,34puan,3000 mAh,Tek Hat,Var,13 MP,Yok,60 Hz,Android,Var,
316,Oppo A5s (CPH1909),6.2 İnç,32 GB,3 GB,34puan,4230 mAh,Tek Hat,Yok,13 MP,Var,60 Hz,Android,Yok,"5.789,01"
317,Samsung Galaxy On Nxt (64 GB),5.5 İnç,64 GB,3 GB,34puan,3300 mAh,Çift Hat,Yok,13 MP,Var,60 Hz,Android,Yok,
318,Oppo A15 (CPH2185),6.52 İnç,32 GB,2 GB,34puan,4230 mAh,,Yok,13 MP,Var,60 Hz,Android,Yok,"3.799,00"
319,General Mobile GM 8 (64 GB),5.7 İnç,64 GB,4 GB,34puan,3075 mAh,Tek Hat,Yok,13 MP,Var,60 Hz,Android,Yok,
320,General Mobile GM 8 (64 GB / Çift Hat / 4 GB),5.7 İnç,64 GB,4 GB,34puan,3075 mAh,Çift Hat,Yok,13 MP,Var,60 Hz,Android,Yok,
321,Samsung Galaxy J7 Max (SM-G615F/DS),5.7 İnç,32 GB,4 GB,34puan,3300 mAh,Çift Hat,Yok,13 MP,Var,60 Hz,Android,Yok,
322,Casper VIA F2,6.0 İnç,64 GB,4 GB,34puan,4000 mAh,Çift Hat,Yok,13 MP,Var,60 Hz,Android,Yok,
323,Oppo A12 (CPH2083),6.22 İnç,32 GB,3 GB,34puan,4230 mAh,Tek Hat,Yok,13 MP,Var,60 Hz,Android,Yok,"3.999,00"
324,Huawei P Smart (Çift Hat / 32 GB),5.65 İnç,32 GB,3 GB,34puan,3000 mAh,Çift Hat,Yok,13 MP,Var,60 Hz,Android,Var,"3.489,00"
325,LG K40s (LMX430),6.1 İnç,32 GB,2 GB,34puan,3500 mAh,Çift Hat,Yok,13 MP,Var,60 Hz,Android,Var,
326,Huawei P Smart (FIG-LX1),5.65 İnç,32 GB,3 GB,34puan,3000 mAh,Tek Hat,Yok,13 MP,Var,60 Hz,Android,Var,"3.799,00"
327,Huawei Y7 Prime 2019,6.26 İnç,32 GB,3 GB,33puan,4000 mAh,Çift Hat,Yok,13 MP,Var,60 Hz,Android,Yok,"3.301,50"
328,Meizu M10,6.5 İnç,32 GB,3 GB,33puan,4000 mAh,Çift Hat,Yok,13 MP,Var,60 Hz,Android,Yok,
329,Samsung Galaxy S5 (Tek Hat / 4G / 16 GB) (SM-G900F),5.1 İnç,16 GB,2 GB,33puan,2800 mAh,Tek Hat,Yok,16 MP,Var,60 Hz,Android,Var,
330,"Apple iPhone 6s (64 GB) (MKQR2TU/A, MKQQ2TU/A, MKQN2TU/A, MKQP2TU/A)",4.7 İnç,64 GB,2 GB,33puan,1715 mAh,Tek Hat,Yok,12 MP,Var,60 Hz,iOS,Var,"2.399,00"
331,Nokia 5.1 Plus (TA-1108),5.86 İnç,32 GB,3 GB,33puan,3060 mAh,Tek Hat,Yok,13 MP,Var,60 Hz,Android,Yok,
332,Xiaomi Redmi Note 4 (MediaTek) (32 GB),5.5 İnç,32 GB,3 GB,33puan,4100 mAh,Çift Hat,Yok,13 MP,Var,60 Hz,Android,Yok,
333,Apple iPhone 6 Plus (128 GB),5.5 İnç,128 GB,1 GB,33puan,2915 mAh,Tek Hat,Yok,8 MP,Var,60 Hz,iOS,Var,
334,Samsung Galaxy J6+ Plus (64 GB / Çift Hat),6.0 İnç,64 GB,4 GB,33puan,3300 mAh,Çift Hat,Yok,13 MP,Var,60 Hz,Android,Yok,
335,Samsung Galaxy S5 Duos (Çift Hat / 4G / 16 GB) (SM-G900F),5.1 İnç,16 GB,2 GB,33puan,2800 mAh,Çift Hat,Yok,16 MP,Var,60 Hz,Android,Var,
336,Huawei P8 max (DAV-701L),6.8 İnç,64 GB,3 GB,33puan,4360 mAh,Çift Hat,Yok,13 MP,Yok,60 Hz,Android,,
337,Samsung Galaxy J5 Pro (Tek Hat / 32 GB),5.2 İnç,32 GB,2 GB,33puan,3000 mAh,Tek Hat,Yok,13 MP,Var,60 Hz,Android,Var,
338,Asus ZenFone 3 Max (5.5) (ZC553KL),5.5 İnç,32 GB,4 GB,33puan,4100 mAh,Çift Hat,Yok,16 MP,Var,60 Hz,Android,Yok,
339,Xiaomi Redmi Note 4 (32 GB),5.5 İnç,32 GB,3 GB,33puan,4100 mAh,Çift Hat,Yok,13 MP,Var,60 Hz,Android,Yok,
340,Casper VIA A1 (Çift Hat),5.5 İnç,64 GB,4 GB,33puan,3130 mAh,Çift Hat,Var,13 MP,Var,60 Hz,Android,Yok,
341,Casper VIA A1 (Tek Hat),5.5 İnç,64 GB,4 GB,33puan,3130 mAh,Tek Hat,Var,13 MP,Var,60 Hz,Android,Yok,
342,HTC One X9,5.5 İnç,32 GB,3 GB,33puan,3000 mAh,Çift Hat,Var,13 MP,Yok,60 Hz,Android,,
343,HTC One E9+,5.5 İnç,32 GB,3 GB,33puan,2800 mAh,,Yok,20 MP,Yok,60 Hz,Android,Var,
344,Samsung Galaxy A02 (SM-A022F),6.5 İnç,32 GB,3 GB,33puan,5000 mAh,Çift Hat,Yok,13 MP,Yok,60 Hz,Android,Yok,"3.674,02"
345,Samsung Galaxy J5 Pro (Çift Hat / 32 GB),5.2 İnç,32 GB,2 GB,33puan,3000 mAh,Çift Hat,Yok,13 MP,Var,60 Hz,Android,Var,
346,Vestel Venus V6,5.7 İnç,32 GB,3 GB,33puan,3366 mAh,Tek Hat,Var,13 MP,Var,60 Hz,Android,Yok,
347,Samsung Galaxy J7 Duo (Çift Hat / 4 GB),5.5 İnç,32 GB,4 GB,33puan,3000 mAh,Çift Hat,Yok,13 MP,Var,60 Hz,Android,Yok,
348,HTC Desire 10 Pro (32 GB),5.5 İnç,32 GB,3 GB,33puan,3000 mAh,Çift Hat,Var,20 MP,Var,60 Hz,Android,Var,
349,Alcatel 1S (2020) (5028D),6.22 İnç,32 GB,3 GB,33puan,4000 mAh,Çift Hat,Yok,13 MP,Var,60 Hz,Android,Yok,"3.150,00"
350,Samsung Galaxy J7 Prime 2 (SM-G611F),5.5 İnç,32 GB,3 GB,33puan,3300 mAh,Tek Hat,Yok,13 MP,Var,60 Hz,Android,Yok,
351,Xiaomi Redmi Note 4X (32 GB),5.5 İnç,32 GB,3 GB,33puan,4100 mAh,Çift Hat,Yok,13 MP,Var,60 Hz,Android,Yok,
